Prime Value; Time (secs),
2^25,0.258243
2^26,0.491065
2^27,1.06226
2^28,2.2451
2^29,4.70259
2^30,9.82487
2^31,20.3603
2^32,42.305
