Prime Value; Time (secs)
2^25;0.225349
2^26;0.509801
2^27;1.08892
2^28;2.27606
2^29;4.75806
2^30;9.97889
2^31;20.6131
2^32;42.6145
Number Threads: ;1