Prime Value; Time (secs)
2^25;0.196815
2^26;0.421151
2^27;0.889603
2^28;1.87303
2^29;3.86379
2^30;7.99543
2^31;16.4845
2^32;33.9616
Number Threads: ;8