Prime Value; Time (secs)
2^25;0.245431
2^26;0.48869
2^27;1.06188
2^28;2.25338
2^29;4.72339
2^30;9.82305
2^31;20.487
2^32;42.4943
